onset	duration	trial_type	value	sample
49.98	0.5	nontarget	29	14994
49.98	0.5	J	11	14994
50.28333333333333	0.5	nontarget	29	15085
50.28333333333333	0.5	H	9	15085
50.583333333333336	0.5	nontarget	29	15175
50.583333333333336	0.5	C	4	15175
50.88333333333333	0.5	nontarget	29	15265
50.88333333333333	0.5	Y	26	15265
51.18333333333333	0.5	nontarget	29	15355
51.18333333333333	0.5	Q	18	15355
51.483333333333334	0.5	target	30	15445
51.483333333333334	0.5	N	15	15445
51.78333333333333	0.5	nontarget	29	15535
51.78333333333333	0.5	F	7	15535
52.08	0.5	nontarget	29	15624
52.08	0.5	I	10	15624
52.38333333333333	0.5	nontarget	29	15715
52.38333333333333	0.5	T	21	15715
52.68333333333333	0.5	nontarget	29	15805
52.68333333333333	0.5	P	17	15805
58.693333333333335	0.5	nontarget	29	17608
58.693333333333335	0.5	S	20	17608
58.99333333333333	0.5	nontarget	29	17698
58.99333333333333	0.5	W	24	17698
59.29333333333334	0.5	nontarget	29	17788
59.29333333333334	0.5	Y	26	17788
59.596666666666664	0.5	nontarget	29	17879
59.596666666666664	0.5	J	11	17879
59.89666666666667	0.5	nontarget	29	17969
59.89666666666667	0.5	B	3	17969
60.196666666666665	0.5	target	30	18059
60.196666666666665	0.5	U	22	18059
60.49666666666667	0.5	nontarget	29	18149
60.49666666666667	0.5	N	15	18149
60.79666666666667	0.5	nontarget	29	18239
60.79666666666667	0.5	I	10	18239
61.096666666666664	0.5	nontarget	29	18329
61.096666666666664	0.5	K	12	18329
61.4	0.5	nontarget	29	18420
61.4	0.5	T	21	18420
67.41666666666667	0.5	nontarget	29	20225
67.41666666666667	0.5	H	9	20225
67.71666666666667	0.5	nontarget	29	20315
67.71666666666667	0.5	M	14	20315
68.01666666666667	0.5	target	30	20405
68.01666666666667	0.5	T	21	20405
68.31666666666666	0.5	nontarget	29	20495
68.31666666666666	0.5	Q	18	20495
68.61666666666666	0.5	nontarget	29	20585
68.61666666666666	0.5	N	15	20585
68.91333333333333	0.5	nontarget	29	20674
68.91333333333333	0.5	I	10	20674
69.21666666666667	0.5	nontarget	29	20765
69.21666666666667	0.5	E	6	20765
69.51666666666667	0.5	nontarget	29	20855
69.51666666666667	0.5	A	2	20855
69.81333333333333	0.5	nontarget	29	20944
69.81333333333333	0.5	P	17	20944
70.11666666666666	0.5	nontarget	29	21035
70.11666666666666	0.5	C	4	21035
76.13	0.5	nontarget	29	22839
76.13	0.5	N	15	22839
76.43	0.5	nontarget	29	22929
76.43	0.5	X	25	22929
76.73	0.5	nontarget	29	23019
76.73	0.5	S	20	23019
77.03	0.5	nontarget	29	23109
77.03	0.5	U	22	23109
77.33333333333333	0.5	nontarget	29	23200
77.33333333333333	0.5	E	6	23200
77.63333333333334	0.5	nontarget	29	23290
77.63333333333334	0.5	F	7	23290
77.93	0.5	nontarget	29	23379
77.93	0.5	<	1	23379
78.23333333333333	0.5	nontarget	29	23470
78.23333333333333	0.5	Y	26	23470
78.53333333333333	0.5	nontarget	29	23560
78.53333333333333	0.5	V	23	23560
78.83333333333333	0.5	target	30	23650
78.83333333333333	0.5	B	3	23650
84.84	0.5	nontarget	29	25452
84.84	0.5	F	7	25452
85.14333333333333	0.5	nontarget	29	25543
85.14333333333333	0.5	N	15	25543
85.44333333333333	0.5	nontarget	29	25633
85.44333333333333	0.5	E	6	25633
85.74333333333334	0.5	target	30	25723
85.74333333333334	0.5	M	14	25723
86.04666666666667	0.5	nontarget	29	25814
86.04666666666667	0.5	C	4	25814
86.34333333333333	0.5	nontarget	29	25903
86.34333333333333	0.5	A	2	25903
86.64666666666666	0.5	nontarget	29	25994
86.64666666666666	0.5	L	13	25994
86.94666666666667	0.5	nontarget	29	26084
86.94666666666667	0.5	Q	18	26084
87.24666666666667	0.5	nontarget	29	26174
87.24666666666667	0.5	X	25	26174
87.54666666666667	0.5	nontarget	29	26264
87.54666666666667	0.5	Z	27	26264
93.55333333333333	0.5	nontarget	29	28066
93.55333333333333	0.5	Q	18	28066
93.85333333333334	0.5	nontarget	29	28156
93.85333333333334	0.5	V	23	28156
94.15666666666667	0.5	nontarget	29	28247
94.15666666666667	0.5	K	12	28247
94.45666666666666	0.5	nontarget	29	28337
94.45666666666666	0.5	S	20	28337
94.75666666666666	0.5	nontarget	29	28427
94.75666666666666	0.5	X	25	28427
95.05666666666667	0.5	target	30	28517
95.05666666666667	0.5	I	10	28517
95.35666666666667	0.5	nontarget	29	28607
95.35666666666667	0.5	O	16	28607
95.65666666666667	0.5	nontarget	29	28697
95.65666666666667	0.5	N	15	28697
95.95666666666666	0.5	nontarget	29	28787
95.95666666666666	0.5	E	6	28787
96.25666666666666	0.5	nontarget	29	28877
96.25666666666666	0.5	M	14	28877
102.26333333333334	0.5	nontarget	29	30679
102.26333333333334	0.5	Z	27	30679
102.56333333333333	0.5	nontarget	29	30769
102.56333333333333	0.5	V	23	30769
102.86666666666666	0.5	nontarget	29	30860
102.86666666666666	0.5	N	15	30860
103.16666666666667	0.5	nontarget	29	30950
103.16666666666667	0.5	Y	26	30950
103.46333333333334	0.5	target	30	31039
103.46333333333334	0.5	<	1	31039
103.76333333333334	0.5	nontarget	29	31129
103.76333333333334	0.5	K	12	31129
104.06333333333333	0.5	nontarget	29	31219
104.06333333333333	0.5	H	9	31219
104.36333333333333	0.5	nontarget	29	31309
104.36333333333333	0.5	J	11	31309
104.66333333333333	0.5	nontarget	29	31399
104.66333333333333	0.5	U	22	31399
104.96333333333334	0.5	nontarget	29	31489
104.96333333333334	0.5	D	5	31489
110.97333333333333	0.5	target	30	33292
110.97333333333333	0.5	Z	27	33292
111.27333333333333	0.5	nontarget	29	33382
111.27333333333333	0.5	G	8	33382
111.57333333333334	0.5	nontarget	29	33472
111.57333333333334	0.5	I	10	33472
111.87333333333333	0.5	nontarget	29	33562
111.87333333333333	0.5	L	13	33562
112.17	0.5	nontarget	29	33651
112.17	0.5	_	28	33651
112.47333333333333	0.5	nontarget	29	33742
112.47333333333333	0.5	Q	18	33742
112.77333333333333	0.5	nontarget	29	33832
112.77333333333333	0.5	O	16	33832
113.07333333333334	0.5	nontarget	29	33922
113.07333333333334	0.5	B	3	33922
113.44333333333333	0.5	nontarget	29	34033
113.44333333333333	0.5	F	7	34033
113.74333333333334	0.5	nontarget	29	34123
113.74333333333334	0.5	N	15	34123
119.75	0.5	nontarget	29	35925
119.75	0.5	R	19	35925
120.05	0.5	nontarget	29	36015
120.05	0.5	O	16	36015
120.35	0.5	nontarget	29	36105
120.35	0.5	H	9	36105
120.65	0.5	nontarget	29	36195
120.65	0.5	B	3	36195
120.95	0.5	nontarget	29	36285
120.95	0.5	W	24	36285
121.25	0.5	nontarget	29	36375
121.25	0.5	L	13	36375
121.55	0.5	nontarget	29	36465
121.55	0.5	M	14	36465
121.84666666666666	0.5	nontarget	29	36554
121.84666666666666	0.5	K	12	36554
122.14666666666666	0.5	target	30	36644
122.14666666666666	0.5	F	7	36644
122.45	0.5	nontarget	29	36735
122.45	0.5	D	5	36735
128.46	0.5	nontarget	29	38538
128.46	0.5	M	14	38538
128.76	0.5	nontarget	29	38628
128.76	0.5	Q	18	38628
129.06	0.5	nontarget	29	38718
129.06	0.5	U	22	38718
129.36333333333334	0.5	target	30	38809
129.36333333333334	0.5	_	28	38809
129.66333333333333	0.5	nontarget	29	38899
129.66333333333333	0.5	I	10	38899
129.96333333333334	0.5	nontarget	29	38989
129.96333333333334	0.5	H	9	38989
130.26333333333332	0.5	nontarget	29	39079
130.26333333333332	0.5	W	24	39079
130.56333333333333	0.5	nontarget	29	39169
130.56333333333333	0.5	R	19	39169
130.86333333333334	0.5	nontarget	29	39259
130.86333333333334	0.5	J	11	39259
131.16333333333333	0.5	nontarget	29	39349
131.16333333333333	0.5	B	3	39349
137.17333333333335	0.5	nontarget	29	41152
137.17333333333335	0.5	K	12	41152
137.47333333333333	0.5	nontarget	29	41242
137.47333333333333	0.5	E	6	41242
137.77333333333334	0.5	nontarget	29	41332
137.77333333333334	0.5	B	3	41332
138.07333333333332	0.5	target	30	41422
138.07333333333332	0.5	Z	27	41422
138.37666666666667	0.5	nontarget	29	41513
138.37666666666667	0.5	N	15	41513
138.67666666666668	0.5	nontarget	29	41603
138.67666666666668	0.5	O	16	41603
138.97666666666666	0.5	nontarget	29	41693
138.97666666666666	0.5	Y	26	41693
139.27666666666667	0.5	nontarget	29	41783
139.27666666666667	0.5	H	9	41783
139.58	0.5	nontarget	29	41874
139.58	0.5	F	7	41874
139.88	0.5	nontarget	29	41964
139.88	0.5	_	28	41964
145.89	0.5	nontarget	29	43767
145.89	0.5	W	24	43767
146.18666666666667	0.5	nontarget	29	43856
146.18666666666667	0.5	H	9	43856
146.48666666666668	0.5	nontarget	29	43946
146.48666666666668	0.5	J	11	43946
146.78666666666666	0.5	nontarget	29	44036
146.78666666666666	0.5	_	28	44036
147.08666666666667	0.5	nontarget	29	44126
147.08666666666667	0.5	L	13	44126
147.38666666666666	0.5	nontarget	29	44216
147.38666666666666	0.5	N	15	44216
147.68666666666667	0.5	nontarget	29	44306
147.68666666666667	0.5	S	20	44306
147.98333333333332	0.5	target	30	44395
147.98333333333332	0.5	K	12	44395
148.28666666666666	0.5	nontarget	29	44486
148.28666666666666	0.5	U	22	44486
148.58666666666667	0.5	nontarget	29	44576
148.58666666666667	0.5	A	2	44576
154.59666666666666	0.5	nontarget	29	46379
154.59666666666666	0.5	P	17	46379
154.89333333333335	0.5	target	30	46468
154.89333333333335	0.5	J	11	46468
155.19333333333333	0.5	nontarget	29	46558
155.19333333333333	0.5	K	12	46558
155.49333333333334	0.5	nontarget	29	46648
155.49333333333334	0.5	U	22	46648
155.79333333333332	0.5	nontarget	29	46738
155.79333333333332	0.5	A	2	46738
156.09333333333333	0.5	nontarget	29	46828
156.09333333333333	0.5	R	19	46828
156.39333333333335	0.5	nontarget	29	46918
156.39333333333335	0.5	S	20	46918
156.69333333333333	0.5	nontarget	29	47008
156.69333333333333	0.5	H	9	47008
156.99333333333334	0.5	nontarget	29	47098
156.99333333333334	0.5	M	14	47098
157.29333333333332	0.5	nontarget	29	47188
157.29333333333332	0.5	F	7	47188
163.29666666666665	0.5	nontarget	29	48989
163.29666666666665	0.5	D	5	48989
163.59666666666666	0.5	nontarget	29	49079
163.59666666666666	0.5	F	7	49079
163.89666666666668	0.5	nontarget	29	49169
163.89666666666668	0.5	Y	26	49169
164.19666666666666	0.5	nontarget	29	49259
164.19666666666666	0.5	P	17	49259
164.49333333333334	0.5	nontarget	29	49348
164.49333333333334	0.5	Z	27	49348
164.79333333333332	0.5	nontarget	29	49438
164.79333333333332	0.5	I	10	49438
165.09666666666666	0.5	nontarget	29	49529
165.09666666666666	0.5	S	20	49529
165.39666666666668	0.5	nontarget	29	49619
165.39666666666668	0.5	H	9	49619
165.69333333333333	0.5	nontarget	29	49708
165.69333333333333	0.5	M	14	49708
165.99333333333334	0.5	nontarget	29	49798
165.99333333333334	0.5	V	23	49798
172.00333333333333	0.5	nontarget	29	51601
172.00333333333333	0.5	C	4	51601
172.30333333333334	0.5	nontarget	29	51691
172.30333333333334	0.5	D	5	51691
172.60333333333332	0.5	nontarget	29	51781
172.60333333333332	0.5	<	1	51781
172.90666666666667	0.5	nontarget	29	51872
172.90666666666667	0.5	Q	18	51872
173.20666666666668	0.5	nontarget	29	51962
173.20666666666668	0.5	S	20	51962
173.50666666666666	0.5	nontarget	29	52052
173.50666666666666	0.5	H	9	52052
173.80666666666667	0.5	nontarget	29	52142
173.80666666666667	0.5	E	6	52142
174.10666666666665	0.5	nontarget	29	52232
174.10666666666665	0.5	W	24	52232
174.40666666666667	0.5	nontarget	29	52322
174.40666666666667	0.5	P	17	52322
174.71	0.5	nontarget	29	52413
174.71	0.5	Z	27	52413
180.72	0.5	nontarget	29	54216
180.72	0.5	R	19	54216
181.02333333333334	0.5	nontarget	29	54307
181.02333333333334	0.5	P	17	54307
181.32333333333332	0.5	nontarget	29	54397
181.32333333333332	0.5	E	6	54397
181.62333333333333	0.5	nontarget	29	54487
181.62333333333333	0.5	N	15	54487
181.92333333333335	0.5	target	30	54577
181.92333333333335	0.5	X	25	54577
182.22666666666666	0.5	nontarget	29	54668
182.22666666666666	0.5	G	8	54668
182.52333333333334	0.5	nontarget	29	54757
182.52333333333334	0.5	L	13	54757
182.82666666666665	0.5	nontarget	29	54848
182.82666666666665	0.5	W	24	54848
183.12666666666667	0.5	nontarget	29	54938
183.12666666666667	0.5	H	9	54938
183.42666666666668	0.5	nontarget	29	55028
183.42666666666668	0.5	Z	27	55028
189.43333333333334	0.5	nontarget	29	56830
189.43333333333334	0.5	U	22	56830
189.73	0.5	target	30	56919
189.73	0.5	Y	26	56919
190.03333333333333	0.5	nontarget	29	57010
190.03333333333333	0.5	W	24	57010
190.33333333333334	0.5	nontarget	29	57100
190.33333333333334	0.5	M	14	57100
190.63333333333333	0.5	nontarget	29	57190
190.63333333333333	0.5	O	16	57190
190.93333333333334	0.5	nontarget	29	57280
190.93333333333334	0.5	E	6	57280
191.23666666666668	0.5	nontarget	29	57371
191.23666666666668	0.5	T	21	57371
191.53333333333333	0.5	nontarget	29	57460
191.53333333333333	0.5	Z	27	57460
191.83666666666667	0.5	nontarget	29	57551
191.83666666666667	0.5	J	11	57551
192.13666666666666	0.5	nontarget	29	57641
192.13666666666666	0.5	B	3	57641
198.14666666666668	0.5	nontarget	29	59444
198.14666666666668	0.5	L	13	59444
198.44666666666666	0.5	nontarget	29	59534
198.44666666666666	0.5	F	7	59534
198.75	0.5	nontarget	29	59625
198.75	0.5	S	20	59625
199.05	0.5	nontarget	29	59715
199.05	0.5	Q	18	59715
199.35	0.5	nontarget	29	59805
199.35	0.5	_	28	59805
199.65	0.5	nontarget	29	59895
199.65	0.5	X	25	59895
199.94666666666666	0.5	nontarget	29	59984
199.94666666666666	0.5	I	10	59984
200.24666666666667	0.5	nontarget	29	60074
200.24666666666667	0.5	M	14	60074
200.55	0.5	target	30	60165
200.55	0.5	Z	27	60165
200.85	0.5	nontarget	29	60255
200.85	0.5	G	8	60255
206.86	0.5	nontarget	29	62058
206.86	0.5	<	1	62058
207.16	0.5	nontarget	29	62148
207.16	0.5	X	25	62148
207.46	0.5	target	30	62238
207.46	0.5	A	2	62238
207.76	0.5	nontarget	29	62328
207.76	0.5	K	12	62328
208.06	0.5	nontarget	29	62418
208.06	0.5	E	6	62418
208.36	0.5	nontarget	29	62508
208.36	0.5	G	8	62508
208.66	0.5	nontarget	29	62598
208.66	0.5	U	22	62598
208.96	0.5	nontarget	29	62688
208.96	0.5	M	14	62688
209.26333333333332	0.5	nontarget	29	62779
209.26333333333332	0.5	N	15	62779
209.56333333333333	0.5	nontarget	29	62869
209.56333333333333	0.5	J	11	62869
215.57	0.5	nontarget	29	64671
215.57	0.5	F	7	64671
215.87	0.5	nontarget	29	64761
215.87	0.5	X	25	64761
216.17	0.5	nontarget	29	64851
216.17	0.5	U	22	64851
216.47	0.5	target	30	64941
216.47	0.5	I	10	64941
216.77	0.5	nontarget	29	65031
216.77	0.5	Q	18	65031
217.07	0.5	nontarget	29	65121
217.07	0.5	A	2	65121
217.37	0.5	nontarget	29	65211
217.37	0.5	S	20	65211
217.67	0.5	nontarget	29	65301
217.67	0.5	Y	26	65301
217.97	0.5	nontarget	29	65391
217.97	0.5	E	6	65391
218.27	0.5	nontarget	29	65481
218.27	0.5	D	5	65481
224.27666666666667	0.5	nontarget	29	67283
224.27666666666667	0.5	N	15	67283
224.57666666666665	0.5	nontarget	29	67373
224.57666666666665	0.5	J	11	67373
224.87666666666667	0.5	nontarget	29	67463
224.87666666666667	0.5	T	21	67463
225.18	0.5	nontarget	29	67554
225.18	0.5	Y	26	67554
225.47666666666666	0.5	nontarget	29	67643
225.47666666666666	0.5	L	13	67643
225.77666666666667	0.5	nontarget	29	67733
225.77666666666667	0.5	<	1	67733
226.07666666666665	0.5	nontarget	29	67823
226.07666666666665	0.5	U	22	67823
226.37666666666667	0.5	target	30	67913
226.37666666666667	0.5	A	2	67913
226.67666666666668	0.5	nontarget	29	68003
226.67666666666668	0.5	Z	27	68003
226.97666666666666	0.5	nontarget	29	68093
226.97666666666666	0.5	Q	18	68093
232.98666666666668	0.5	nontarget	29	69896
232.98666666666668	0.5	K	12	69896
233.28666666666666	0.5	nontarget	29	69986
233.28666666666666	0.5	S	20	69986
233.58666666666667	0.5	nontarget	29	70076
233.58666666666667	0.5	E	6	70076
233.88333333333333	0.5	nontarget	29	70165
233.88333333333333	0.5	O	16	70165
234.18666666666667	0.5	nontarget	29	70256
234.18666666666667	0.5	X	25	70256
234.48333333333332	0.5	nontarget	29	70345
234.48333333333332	0.5	A	2	70345
234.78333333333333	0.5	nontarget	29	70435
234.78333333333333	0.5	B	3	70435
235.08333333333334	0.5	nontarget	29	70525
235.08333333333334	0.5	J	11	70525
235.38333333333333	0.5	target	30	70615
235.38333333333333	0.5	H	9	70615
235.68333333333334	0.5	nontarget	29	70705
235.68333333333334	0.5	Q	18	70705
241.69	0.5	nontarget	29	72507
241.69	0.5	T	21	72507
241.99333333333334	0.5	nontarget	29	72598
241.99333333333334	0.5	I	10	72598
242.29333333333332	0.5	nontarget	29	72688
242.29333333333332	0.5	Q	18	72688
242.59666666666666	0.5	nontarget	29	72779
242.59666666666666	0.5	K	12	72779
242.89666666666668	0.5	nontarget	29	72869
242.89666666666668	0.5	Z	27	72869
243.2	0.5	nontarget	29	72960
243.2	0.5	R	19	72960
243.5	0.5	nontarget	29	73050
243.5	0.5	O	16	73050
243.8	0.5	nontarget	29	73140
243.8	0.5	<	1	73140
244.1	0.5	nontarget	29	73230
244.1	0.5	E	6	73230
244.4	0.5	nontarget	29	73320
244.4	0.5	B	3	73320
250.41	0.5	nontarget	29	75123
250.41	0.5	D	5	75123
250.70666666666668	0.5	nontarget	29	75212
250.70666666666668	0.5	V	23	75212
251.00666666666666	0.5	nontarget	29	75302
251.00666666666666	0.5	P	17	75302
251.31	0.5	nontarget	29	75393
251.31	0.5	U	22	75393
251.60666666666665	0.5	nontarget	29	75482
251.60666666666665	0.5	G	8	75482
251.91	0.5	nontarget	29	75573
251.91	0.5	N	15	75573
252.21333333333334	0.5	nontarget	29	75664
252.21333333333334	0.5	L	13	75664
252.51333333333332	0.5	target	30	75754
252.51333333333332	0.5	E	6	75754
252.81333333333333	0.5	nontarget	29	75844
252.81333333333333	0.5	W	24	75844
253.11666666666667	0.5	nontarget	29	75935
253.11666666666667	0.5	X	25	75935
259.12	0.5	target	30	77736
259.12	0.5	X	25	77736
259.42	0.5	nontarget	29	77826
259.42	0.5	N	15	77826
259.72333333333336	0.5	nontarget	29	77917
259.72333333333336	0.5	S	20	77917
260.0233333333333	0.5	nontarget	29	78007
260.0233333333333	0.5	Y	26	78007
260.3233333333333	0.5	nontarget	29	78097
260.3233333333333	0.5	_	28	78097
260.63	0.5	nontarget	29	78189
260.63	0.5	B	3	78189
260.93333333333334	0.5	nontarget	29	78280
260.93333333333334	0.5	V	23	78280
261.23333333333335	0.5	nontarget	29	78370
261.23333333333335	0.5	Z	27	78370
261.53333333333336	0.5	nontarget	29	78460
261.53333333333336	0.5	P	17	78460
261.8333333333333	0.5	nontarget	29	78550
261.8333333333333	0.5	T	21	78550
267.8466666666667	0.5	nontarget	29	80354
267.8466666666667	0.5	R	19	80354
268.14666666666665	0.5	nontarget	29	80444
268.14666666666665	0.5	J	11	80444
268.44666666666666	0.5	nontarget	29	80534
268.44666666666666	0.5	D	5	80534
268.74666666666667	0.5	nontarget	29	80624
268.74666666666667	0.5	P	17	80624
269.0466666666667	0.5	nontarget	29	80714
269.0466666666667	0.5	Q	18	80714
269.3466666666667	0.5	nontarget	29	80804
269.3466666666667	0.5	B	3	80804
269.64666666666665	0.5	target	30	80894
269.64666666666665	0.5	E	6	80894
269.94666666666666	0.5	nontarget	29	80984
269.94666666666666	0.5	G	8	80984
270.24666666666667	0.5	nontarget	29	81074
270.24666666666667	0.5	V	23	81074
270.5466666666667	0.5	nontarget	29	81164
270.5466666666667	0.5	U	22	81164
276.55333333333334	0.5	nontarget	29	82966
276.55333333333334	0.5	R	19	82966
276.85333333333335	0.5	nontarget	29	83056
276.85333333333335	0.5	<	1	83056
277.1566666666667	0.5	nontarget	29	83147
277.1566666666667	0.5	L	13	83147
277.45666666666665	0.5	nontarget	29	83237
277.45666666666665	0.5	_	28	83237
277.75666666666666	0.5	nontarget	29	83327
277.75666666666666	0.5	W	24	83327
278.0566666666667	0.5	nontarget	29	83417
278.0566666666667	0.5	U	22	83417
278.36	0.5	nontarget	29	83508
278.36	0.5	O	16	83508
278.6566666666667	0.5	nontarget	29	83597
278.6566666666667	0.5	J	11	83597
278.96	0.5	nontarget	29	83688
278.96	0.5	K	12	83688
279.26	0.5	target	30	83778
279.26	0.5	I	10	83778
285.26666666666665	0.5	nontarget	29	85580
285.26666666666665	0.5	Y	26	85580
285.56666666666666	0.5	nontarget	29	85670
285.56666666666666	0.5	N	15	85670
285.8666666666667	0.5	nontarget	29	85760
285.8666666666667	0.5	P	17	85760
286.16333333333336	0.5	nontarget	29	85849
286.16333333333336	0.5	W	24	85849
286.4633333333333	0.5	nontarget	29	85939
286.4633333333333	0.5	M	14	85939
286.7633333333333	0.5	nontarget	29	86029
286.7633333333333	0.5	Q	18	86029
287.06666666666666	0.5	target	30	86120
287.06666666666666	0.5	O	16	86120
287.3666666666667	0.5	nontarget	29	86210
287.3666666666667	0.5	E	6	86210
287.6666666666667	0.5	nontarget	29	86300
287.6666666666667	0.5	A	2	86300
287.96666666666664	0.5	nontarget	29	86390
287.96666666666664	0.5	D	5	86390
293.97333333333336	0.5	nontarget	29	88192
293.97333333333336	0.5	Z	27	88192
294.2733333333333	0.5	target	30	88282
294.2733333333333	0.5	K	12	88282
294.5733333333333	0.5	nontarget	29	88372
294.5733333333333	0.5	H	9	88372
294.87333333333333	0.5	nontarget	29	88462
294.87333333333333	0.5	D	5	88462
295.17333333333335	0.5	nontarget	29	88552
295.17333333333335	0.5	R	19	88552
295.47333333333336	0.5	nontarget	29	88642
295.47333333333336	0.5	P	17	88642
295.77	0.5	nontarget	29	88731
295.77	0.5	Y	26	88731
296.07	0.5	nontarget	29	88821
296.07	0.5	G	8	88821
296.37	0.5	nontarget	29	88911
296.37	0.5	A	2	88911
296.67333333333335	0.5	nontarget	29	89002
296.67333333333335	0.5	_	28	89002
302.68	0.5	nontarget	29	90804
302.68	0.5	C	4	90804
302.98	0.5	nontarget	29	90894
302.98	0.5	R	19	90894
303.27666666666664	0.5	nontarget	29	90983
303.27666666666664	0.5	F	7	90983
303.58	0.5	nontarget	29	91074
303.58	0.5	Q	18	91074
303.87666666666667	0.5	target	30	91163
303.87666666666667	0.5	B	3	91163
304.25666666666666	0.5	nontarget	29	91277
304.25666666666666	0.5	X	25	91277
304.55333333333334	0.5	nontarget	29	91366
304.55333333333334	0.5	_	28	91366
304.8566666666667	0.5	nontarget	29	91457
304.8566666666667	0.5	L	13	91457
305.1533333333333	0.5	nontarget	29	91546
305.1533333333333	0.5	S	20	91546
305.45666666666665	0.5	nontarget	29	91637
305.45666666666665	0.5	V	23	91637
311.46	0.5	nontarget	29	93438
311.46	0.5	U	22	93438
311.76	0.5	nontarget	29	93528
311.76	0.5	P	17	93528
312.06	0.5	nontarget	29	93618
312.06	0.5	Z	27	93618
312.36	0.5	nontarget	29	93708
312.36	0.5	O	16	93708
312.66	0.5	nontarget	29	93798
312.66	0.5	V	23	93798
312.96	0.5	nontarget	29	93888
312.96	0.5	<	1	93888
313.26	0.5	nontarget	29	93978
313.26	0.5	D	5	93978
313.56	0.5	nontarget	29	94068
313.56	0.5	W	24	94068
313.86	0.5	target	30	94158
313.86	0.5	A	2	94158
314.1566666666667	0.5	nontarget	29	94247
314.1566666666667	0.5	E	6	94247
320.1666666666667	0.5	nontarget	29	96050
320.1666666666667	0.5	B	3	96050
320.4633333333333	0.5	nontarget	29	96139
320.4633333333333	0.5	X	25	96139
320.76666666666665	0.5	nontarget	29	96230
320.76666666666665	0.5	L	13	96230
321.06666666666666	0.5	nontarget	29	96320
321.06666666666666	0.5	J	11	96320
321.3666666666667	0.5	nontarget	29	96410
321.3666666666667	0.5	_	28	96410
321.66333333333336	0.5	nontarget	29	96499
321.66333333333336	0.5	V	23	96499
321.9633333333333	0.5	target	30	96589
321.9633333333333	0.5	S	20	96589
322.26666666666665	0.5	nontarget	29	96680
322.26666666666665	0.5	P	17	96680
322.56666666666666	0.5	nontarget	29	96770
322.56666666666666	0.5	A	2	96770
322.86333333333334	0.5	nontarget	29	96859
322.86333333333334	0.5	W	24	96859
328.87	0.5	target	30	98661
328.87	0.5	I	10	98661
329.1666666666667	0.5	nontarget	29	98750
329.1666666666667	0.5	G	8	98750
329.47	0.5	nontarget	29	98841
329.47	0.5	Z	27	98841
329.76666666666665	0.5	nontarget	29	98930
329.76666666666665	0.5	H	9	98930
330.06666666666666	0.5	nontarget	29	99020
330.06666666666666	0.5	B	3	99020
330.3666666666667	0.5	nontarget	29	99110
330.3666666666667	0.5	F	7	99110
330.6666666666667	0.5	nontarget	29	99200
330.6666666666667	0.5	W	24	99200
330.96666666666664	0.5	nontarget	29	99290
330.96666666666664	0.5	Y	26	99290
331.26666666666665	0.5	nontarget	29	99380
331.26666666666665	0.5	<	1	99380
331.56666666666666	0.5	nontarget	29	99470
331.56666666666666	0.5	P	17	99470
337.5733333333333	0.5	target	30	101272
337.5733333333333	0.5	K	12	101272
337.87	0.5	nontarget	29	101361
337.87	0.5	H	9	101361
338.17	0.5	nontarget	29	101451
338.17	0.5	L	13	101451
338.47	0.5	nontarget	29	101541
338.47	0.5	<	1	101541
338.7733333333333	0.5	nontarget	29	101632
338.7733333333333	0.5	N	15	101632
339.07	0.5	nontarget	29	101721
339.07	0.5	A	2	101721
339.37333333333333	0.5	nontarget	29	101812
339.37333333333333	0.5	F	7	101812
339.67333333333335	0.5	nontarget	29	101902
339.67333333333335	0.5	_	28	101902
339.97333333333336	0.5	nontarget	29	101992
339.97333333333336	0.5	B	3	101992
340.2733333333333	0.5	nontarget	29	102082
340.2733333333333	0.5	E	6	102082
346.28	0.5	nontarget	29	103884
346.28	0.5	M	14	103884
346.58	0.5	nontarget	29	103974
346.58	0.5	Y	26	103974
346.88	0.5	nontarget	29	104064
346.88	0.5	F	7	104064
347.18	0.5	nontarget	29	104154
347.18	0.5	V	23	104154
347.48333333333335	0.5	nontarget	29	104245
347.48333333333335	0.5	H	9	104245
347.78	0.5	nontarget	29	104334
347.78	0.5	Q	18	104334
348.0833333333333	0.5	nontarget	29	104425
348.0833333333333	0.5	C	4	104425
348.3833333333333	0.5	nontarget	29	104515
348.3833333333333	0.5	O	16	104515
348.68333333333334	0.5	nontarget	29	104605
348.68333333333334	0.5	N	15	104605
348.98333333333335	0.5	target	30	104695
348.98333333333335	0.5	W	24	104695
354.99333333333334	0.5	nontarget	29	106498
354.99333333333334	0.5	F	7	106498
355.29333333333335	0.5	nontarget	29	106588
355.29333333333335	0.5	Z	27	106588
355.5933333333333	0.5	nontarget	29	106678
355.5933333333333	0.5	P	17	106678
355.8933333333333	0.5	nontarget	29	106768
355.8933333333333	0.5	L	13	106768
356.1933333333333	0.5	nontarget	29	106858
356.1933333333333	0.5	D	5	106858
356.49333333333334	0.5	target	30	106948
356.49333333333334	0.5	R	19	106948
356.79	0.5	nontarget	29	107037
356.79	0.5	I	10	107037
357.09	0.5	nontarget	29	107127
357.09	0.5	Q	18	107127
357.39	0.5	nontarget	29	107217
357.39	0.5	J	11	107217
357.69	0.5	nontarget	29	107307
357.69	0.5	B	3	107307
363.69666666666666	0.5	nontarget	29	109109
363.69666666666666	0.5	L	13	109109
363.99666666666667	0.5	nontarget	29	109199
363.99666666666667	0.5	U	22	109199
364.2966666666667	0.5	nontarget	29	109289
364.2966666666667	0.5	A	2	109289
364.5966666666667	0.5	nontarget	29	109379
364.5966666666667	0.5	Y	26	109379
364.89666666666665	0.5	nontarget	29	109469
364.89666666666665	0.5	X	25	109469
365.19666666666666	0.5	target	30	109559
365.19666666666666	0.5	Q	18	109559
365.49666666666667	0.5	nontarget	29	109649
365.49666666666667	0.5	H	9	109649
365.79333333333335	0.5	nontarget	29	109738
365.79333333333335	0.5	O	16	109738
366.0966666666667	0.5	nontarget	29	109829
366.0966666666667	0.5	B	3	109829
366.39666666666665	0.5	nontarget	29	109919
366.39666666666665	0.5	M	14	109919
372.4	0.5	nontarget	29	111720
372.4	0.5	R	19	111720
372.7	0.5	nontarget	29	111810
372.7	0.5	S	20	111810
373.0	0.5	nontarget	29	111900
373.0	0.5	H	9	111900
373.3	0.5	target	30	111990
373.3	0.5	V	23	111990
373.6	0.5	nontarget	29	112080
373.6	0.5	F	7	112080
373.9	0.5	nontarget	29	112170
373.9	0.5	C	4	112170
374.2	0.5	nontarget	29	112260
374.2	0.5	T	21	112260
374.49666666666667	0.5	nontarget	29	112349
374.49666666666667	0.5	<	1	112349
374.8	0.5	nontarget	29	112440
374.8	0.5	Q	18	112440
375.0966666666667	0.5	nontarget	29	112529
375.0966666666667	0.5	E	6	112529
381.1066666666667	0.5	nontarget	29	114332
381.1066666666667	0.5	H	9	114332
381.41	0.5	nontarget	29	114423
381.41	0.5	D	5	114423
381.71	0.5	nontarget	29	114513
381.71	0.5	P	17	114513
382.01	0.5	nontarget	29	114603
382.01	0.5	C	4	114603
382.31	0.5	nontarget	29	114693
382.31	0.5	A	2	114693
382.61	0.5	nontarget	29	114783
382.61	0.5	R	19	114783
382.91	0.5	nontarget	29	114873
382.91	0.5	E	6	114873
383.21	0.5	target	30	114963
383.21	0.5	G	8	114963
383.5133333333333	0.5	nontarget	29	115054
383.5133333333333	0.5	I	10	115054
383.81666666666666	0.5	nontarget	29	115145
383.81666666666666	0.5	U	22	115145
389.8233333333333	0.5	nontarget	29	116947
389.8233333333333	0.5	X	25	116947
390.12333333333333	0.5	target	30	117037
390.12333333333333	0.5	<	1	117037
390.42333333333335	0.5	nontarget	29	117127
390.42333333333335	0.5	D	5	117127
390.72333333333336	0.5	nontarget	29	117217
390.72333333333336	0.5	Z	27	117217
391.0233333333333	0.5	nontarget	29	117307
391.0233333333333	0.5	Y	26	117307
391.3233333333333	0.5	nontarget	29	117397
391.3233333333333	0.5	L	13	117397
391.62333333333333	0.5	nontarget	29	117487
391.62333333333333	0.5	G	8	117487
391.92333333333335	0.5	nontarget	29	117577
391.92333333333335	0.5	W	24	117577
392.22	0.5	nontarget	29	117666
392.22	0.5	N	15	117666
392.5233333333333	0.5	nontarget	29	117757
392.5233333333333	0.5	V	23	117757
398.52666666666664	0.5	nontarget	29	119558
398.52666666666664	0.5	X	25	119558
398.82666666666665	0.5	target	30	119648
398.82666666666665	0.5	N	15	119648
399.12666666666667	0.5	nontarget	29	119738
399.12666666666667	0.5	B	3	119738
399.4266666666667	0.5	nontarget	29	119828
399.4266666666667	0.5	L	13	119828
399.7266666666667	0.5	nontarget	29	119918
399.7266666666667	0.5	I	10	119918
400.02666666666664	0.5	nontarget	29	120008
400.02666666666664	0.5	U	22	120008
400.32666666666665	0.5	nontarget	29	120098
400.32666666666665	0.5	F	7	120098
400.62666666666667	0.5	nontarget	29	120188
400.62666666666667	0.5	W	24	120188
400.9266666666667	0.5	nontarget	29	120278
400.9266666666667	0.5	Y	26	120278
401.2266666666667	0.5	nontarget	29	120368
401.2266666666667	0.5	V	23	120368
407.2366666666667	0.5	target	30	122171
407.2366666666667	0.5	V	23	122171
407.5366666666667	0.5	nontarget	29	122261
407.5366666666667	0.5	J	11	122261
407.8333333333333	0.5	nontarget	29	122350
407.8333333333333	0.5	R	19	122350
408.1333333333333	0.5	nontarget	29	122440
408.1333333333333	0.5	_	28	122440
408.43333333333334	0.5	nontarget	29	122530
408.43333333333334	0.5	F	7	122530
408.73333333333335	0.5	nontarget	29	122620
408.73333333333335	0.5	O	16	122620
409.03	0.5	nontarget	29	122709
409.03	0.5	W	24	122709
409.33	0.5	nontarget	29	122799
409.33	0.5	K	12	122799
409.63	0.5	nontarget	29	122889
409.63	0.5	B	3	122889
409.93	0.5	nontarget	29	122979
409.93	0.5	L	13	122979
415.93666666666667	0.5	nontarget	29	124781
415.93666666666667	0.5	U	22	124781
416.2366666666667	0.5	nontarget	29	124871
416.2366666666667	0.5	<	1	124871
416.5366666666667	0.5	nontarget	29	124961
416.5366666666667	0.5	B	3	124961
416.83666666666664	0.5	target	30	125051
416.83666666666664	0.5	C	4	125051
417.14	0.5	nontarget	29	125142
417.14	0.5	L	13	125142
417.44	0.5	nontarget	29	125232
417.44	0.5	E	6	125232
417.74333333333334	0.5	nontarget	29	125323
417.74333333333334	0.5	N	15	125323
418.04	0.5	nontarget	29	125412
418.04	0.5	V	23	125412
418.34	0.5	nontarget	29	125502
418.34	0.5	D	5	125502
418.64	0.5	nontarget	29	125592
418.64	0.5	T	21	125592
424.65	0.5	nontarget	29	127395
424.65	0.5	W	24	127395
424.95	0.5	nontarget	29	127485
424.95	0.5	S	20	127485
425.25333333333333	0.5	nontarget	29	127576
425.25333333333333	0.5	K	12	127576
425.55333333333334	0.5	nontarget	29	127666
425.55333333333334	0.5	I	10	127666
425.85333333333335	0.5	nontarget	29	127756
425.85333333333335	0.5	O	16	127756
426.1533333333333	0.5	nontarget	29	127846
426.1533333333333	0.5	_	28	127846
426.4533333333333	0.5	nontarget	29	127936
426.4533333333333	0.5	C	4	127936
426.75333333333333	0.5	nontarget	29	128026
426.75333333333333	0.5	F	7	128026
427.0566666666667	0.5	nontarget	29	128117
427.0566666666667	0.5	B	3	128117
427.35333333333335	0.5	target	30	128206
427.35333333333335	0.5	T	21	128206
433.36333333333334	0.5	nontarget	29	130009
433.36333333333334	0.5	<	1	130009
433.66333333333336	0.5	nontarget	29	130099
433.66333333333336	0.5	Z	27	130099
433.96	0.5	nontarget	29	130188
433.96	0.5	_	28	130188
434.26	0.5	nontarget	29	130278
434.26	0.5	B	3	130278
434.56	0.5	nontarget	29	130368
434.56	0.5	E	6	130368
434.86	0.5	target	30	130458
434.86	0.5	Y	26	130458
435.16	0.5	nontarget	29	130548
435.16	0.5	Q	18	130548
435.46	0.5	nontarget	29	130638
435.46	0.5	S	20	130638
435.76	0.5	nontarget	29	130728
435.76	0.5	T	21	130728
436.06	0.5	nontarget	29	130818
436.06	0.5	O	16	130818
442.07666666666665	0.5	nontarget	29	132623
442.07666666666665	0.5	I	10	132623
442.37666666666667	0.5	nontarget	29	132713
442.37666666666667	0.5	H	9	132713
442.6766666666667	0.5	nontarget	29	132803
442.6766666666667	0.5	Q	18	132803
442.9766666666667	0.5	nontarget	29	132893
442.9766666666667	0.5	C	4	132893
443.27666666666664	0.5	nontarget	29	132983
443.27666666666664	0.5	U	22	132983
443.57666666666665	0.5	target	30	133073
443.57666666666665	0.5	T	21	133073
443.87666666666667	0.5	nontarget	29	133163
443.87666666666667	0.5	E	6	133163
444.1766666666667	0.5	nontarget	29	133253
444.1766666666667	0.5	B	3	133253
444.4766666666667	0.5	nontarget	29	133343
444.4766666666667	0.5	V	23	133343
444.7733333333333	0.5	nontarget	29	133432
444.7733333333333	0.5	W	24	133432
450.78333333333336	0.5	nontarget	29	135235
450.78333333333336	0.5	R	19	135235
451.0833333333333	0.5	nontarget	29	135325
451.0833333333333	0.5	I	10	135325
451.38	0.5	nontarget	29	135414
451.38	0.5	U	22	135414
451.68	0.5	nontarget	29	135504
451.68	0.5	D	5	135504
451.98	0.5	nontarget	29	135594
451.98	0.5	_	28	135594
452.28333333333336	0.5	nontarget	29	135685
452.28333333333336	0.5	K	12	135685
452.5833333333333	0.5	target	30	135775
452.5833333333333	0.5	V	23	135775
452.8833333333333	0.5	nontarget	29	135865
452.8833333333333	0.5	L	13	135865
453.18333333333334	0.5	nontarget	29	135955
453.18333333333334	0.5	E	6	135955
453.48333333333335	0.5	nontarget	29	136045
453.48333333333335	0.5	B	3	136045
459.49333333333334	0.5	nontarget	29	137848
459.49333333333334	0.5	T	21	137848
459.7966666666667	0.5	nontarget	29	137939
459.7966666666667	0.5	H	9	137939
460.0966666666667	0.5	nontarget	29	138029
460.0966666666667	0.5	R	19	138029
460.39666666666665	0.5	nontarget	29	138119
460.39666666666665	0.5	M	14	138119
460.69666666666666	0.5	nontarget	29	138209
460.69666666666666	0.5	A	2	138209
460.99666666666667	0.5	nontarget	29	138299
460.99666666666667	0.5	D	5	138299
461.2966666666667	0.5	nontarget	29	138389
461.2966666666667	0.5	J	11	138389
461.6	0.5	nontarget	29	138480
461.6	0.5	U	22	138480
461.89666666666665	0.5	nontarget	29	138569
461.89666666666665	0.5	O	16	138569
462.2	0.5	target	30	138660
462.2	0.5	B	3	138660
468.20666666666665	0.5	nontarget	29	140462
468.20666666666665	0.5	Q	18	140462
468.50666666666666	0.5	nontarget	29	140552
468.50666666666666	0.5	E	6	140552
468.8066666666667	0.5	nontarget	29	140642
468.8066666666667	0.5	H	9	140642
469.11	0.5	nontarget	29	140733
469.11	0.5	F	7	140733
469.41	0.5	nontarget	29	140823
469.41	0.5	B	3	140823
469.71	0.5	nontarget	29	140913
469.71	0.5	N	15	140913
470.00666666666666	0.5	nontarget	29	141002
470.00666666666666	0.5	R	19	141002
470.31	0.5	target	30	141093
470.31	0.5	Z	27	141093
470.6066666666667	0.5	nontarget	29	141182
470.6066666666667	0.5	T	21	141182
470.91	0.5	nontarget	29	141273
470.91	0.5	P	17	141273
476.9166666666667	0.5	nontarget	29	143075
476.9166666666667	0.5	Q	18	143075
477.21666666666664	0.5	nontarget	29	143165
477.21666666666664	0.5	<	1	143165
477.51666666666665	0.5	nontarget	29	143255
477.51666666666665	0.5	I	10	143255
477.81666666666666	0.5	nontarget	29	143345
477.81666666666666	0.5	Z	27	143345
478.1166666666667	0.5	nontarget	29	143435
478.1166666666667	0.5	T	21	143435
478.4166666666667	0.5	nontarget	29	143525
478.4166666666667	0.5	K	12	143525
478.71666666666664	0.5	target	30	143615
478.71666666666664	0.5	X	25	143615
479.01666666666665	0.5	nontarget	29	143705
479.01666666666665	0.5	U	22	143705
479.32	0.5	nontarget	29	143796
479.32	0.5	M	14	143796
479.62	0.5	nontarget	29	143886
479.62	0.5	E	6	143886
485.62666666666667	0.5	nontarget	29	145688
485.62666666666667	0.5	O	16	145688
485.92333333333335	0.5	nontarget	29	145777
485.92333333333335	0.5	N	15	145777
486.2266666666667	0.5	target	30	145868
486.2266666666667	0.5	H	9	145868
486.5233333333333	0.5	nontarget	29	145957
486.5233333333333	0.5	<	1	145957
486.8233333333333	0.5	nontarget	29	146047
486.8233333333333	0.5	A	2	146047
487.12333333333333	0.5	nontarget	29	146137
487.12333333333333	0.5	E	6	146137
487.42333333333335	0.5	nontarget	29	146227
487.42333333333335	0.5	Q	18	146227
487.72333333333336	0.5	nontarget	29	146317
487.72333333333336	0.5	W	24	146317
488.0233333333333	0.5	nontarget	29	146407
488.0233333333333	0.5	J	11	146407
488.3233333333333	0.5	nontarget	29	146497
488.3233333333333	0.5	B	3	146497
494.33	0.5	nontarget	29	148299
494.33	0.5	N	15	148299
494.63	0.5	nontarget	29	148389
494.63	0.5	Z	27	148389
494.93	0.5	nontarget	29	148479
494.93	0.5	L	13	148479
495.23333333333335	0.5	nontarget	29	148570
495.23333333333335	0.5	T	21	148570
495.61	0.5	nontarget	29	148683
495.61	0.5	G	8	148683
495.91	0.5	nontarget	29	148773
495.91	0.5	M	14	148773
496.21	0.5	nontarget	29	148863
496.21	0.5	Y	26	148863
496.51	0.5	nontarget	29	148953
496.51	0.5	R	19	148953
496.81	0.5	nontarget	29	149043
496.81	0.5	A	2	149043
497.11	0.5	nontarget	29	149133
497.11	0.5	F	7	149133
503.12	0.5	nontarget	29	150936
503.12	0.5	P	17	150936
503.42333333333335	0.5	nontarget	29	151027
503.42333333333335	0.5	T	21	151027
503.72	0.5	nontarget	29	151116
503.72	0.5	R	19	151116
504.0233333333333	0.5	nontarget	29	151207
504.0233333333333	0.5	L	13	151207
504.3233333333333	0.5	nontarget	29	151297
504.3233333333333	0.5	_	28	151297
504.62333333333333	0.5	nontarget	29	151387
504.62333333333333	0.5	V	23	151387
504.92333333333335	0.5	target	30	151477
504.92333333333335	0.5	G	8	151477
505.22333333333336	0.5	nontarget	29	151567
505.22333333333336	0.5	S	20	151567
505.5233333333333	0.5	nontarget	29	151657
505.5233333333333	0.5	W	24	151657
505.8233333333333	0.5	nontarget	29	151747
505.8233333333333	0.5	N	15	151747
511.83	0.5	nontarget	29	153549
511.83	0.5	I	10	153549
512.13	0.5	nontarget	29	153639
512.13	0.5	Y	26	153639
512.43	0.5	target	30	153729
512.43	0.5	S	20	153729
512.73	0.5	nontarget	29	153819
512.73	0.5	E	6	153819
513.03	0.5	nontarget	29	153909
513.03	0.5	L	13	153909
513.33	0.5	nontarget	29	153999
513.33	0.5	B	3	153999
513.63	0.5	nontarget	29	154089
513.63	0.5	R	19	154089
513.93	0.5	nontarget	29	154179
513.93	0.5	T	21	154179
514.23	0.5	nontarget	29	154269
514.23	0.5	Z	27	154269
514.53	0.5	nontarget	29	154359
514.53	0.5	A	2	154359
520.54	0.5	nontarget	29	156162
520.54	0.5	<	1	156162
520.84	0.5	nontarget	29	156252
520.84	0.5	F	7	156252
521.14	0.5	target	30	156342
521.14	0.5	Q	18	156342
521.44	0.5	nontarget	29	156432
521.44	0.5	_	28	156432
521.74	0.5	nontarget	29	156522
521.74	0.5	W	24	156522
522.04	0.5	nontarget	29	156612
522.04	0.5	X	25	156612
522.34	0.5	nontarget	29	156702
522.34	0.5	O	16	156702
522.64	0.5	nontarget	29	156792
522.64	0.5	M	14	156792
522.94	0.5	nontarget	29	156882
522.94	0.5	H	9	156882
523.24	0.5	nontarget	29	156972
523.24	0.5	K	12	156972
529.2466666666667	0.5	nontarget	29	158774
529.2466666666667	0.5	U	22	158774
529.5466666666666	0.5	nontarget	29	158864
529.5466666666666	0.5	J	11	158864
529.8433333333334	0.5	nontarget	29	158953
529.8433333333334	0.5	C	4	158953
530.1466666666666	0.5	target	30	159044
530.1466666666666	0.5	E	6	159044
530.4466666666667	0.5	nontarget	29	159134
530.4466666666667	0.5	Q	18	159134
530.7433333333333	0.5	nontarget	29	159223
530.7433333333333	0.5	T	21	159223
531.0466666666666	0.5	nontarget	29	159314
531.0466666666666	0.5	Z	27	159314
531.3466666666667	0.5	nontarget	29	159404
531.3466666666667	0.5	N	15	159404
531.6466666666666	0.5	nontarget	29	159494
531.6466666666666	0.5	S	20	159494
531.9466666666667	0.5	nontarget	29	159584
531.9466666666667	0.5	Y	26	159584
537.9566666666667	0.5	nontarget	29	161387
537.9566666666667	0.5	T	21	161387
538.2566666666667	0.5	nontarget	29	161477
538.2566666666667	0.5	I	10	161477
538.5566666666666	0.5	nontarget	29	161567
538.5566666666666	0.5	B	3	161567
538.8566666666667	0.5	nontarget	29	161657
538.8566666666667	0.5	C	4	161657
539.16	0.5	nontarget	29	161748
539.16	0.5	_	28	161748
539.46	0.5	nontarget	29	161838
539.46	0.5	K	12	161838
539.76	0.5	nontarget	29	161928
539.76	0.5	R	19	161928
540.06	0.5	target	30	162018
540.06	0.5	W	24	162018
540.37	0.5	nontarget	29	162111
540.37	0.5	L	13	162111
540.67	0.5	nontarget	29	162201
540.67	0.5	S	20	162201
546.6766666666666	0.5	nontarget	29	164003
546.6766666666666	0.5	O	16	164003
546.9766666666667	0.5	nontarget	29	164093
546.9766666666667	0.5	J	11	164093
547.2766666666666	0.5	nontarget	29	164183
547.2766666666666	0.5	A	2	164183
547.5766666666667	0.5	nontarget	29	164273
547.5766666666667	0.5	_	28	164273
547.8766666666667	0.5	nontarget	29	164363
547.8766666666667	0.5	T	21	164363
548.1766666666666	0.5	nontarget	29	164453
548.1766666666666	0.5	S	20	164453
548.4766666666667	0.5	nontarget	29	164543
548.4766666666667	0.5	X	25	164543
548.7766666666666	0.5	nontarget	29	164633
548.7766666666666	0.5	Z	27	164633
549.0733333333334	0.5	nontarget	29	164722
549.0733333333334	0.5	K	12	164722
549.3766666666667	0.5	nontarget	29	164813
549.3766666666667	0.5	G	8	164813
555.3866666666667	0.5	nontarget	29	166616
555.3866666666667	0.5	B	3	166616
555.6866666666666	0.5	nontarget	29	166706
555.6866666666666	0.5	J	11	166706
555.9933333333333	0.5	nontarget	29	166798
555.9933333333333	0.5	Q	18	166798
556.2933333333333	0.5	nontarget	29	166888
556.2933333333333	0.5	M	14	166888
556.59	0.5	nontarget	29	166977
556.59	0.5	I	10	166977
556.8933333333333	0.5	nontarget	29	167068
556.8933333333333	0.5	T	21	167068
557.1933333333334	0.5	nontarget	29	167158
557.1933333333334	0.5	<	1	167158
557.4933333333333	0.5	nontarget	29	167248
557.4933333333333	0.5	C	4	167248
557.79	0.5	nontarget	29	167337
557.79	0.5	D	5	167337
558.09	0.5	target	30	167427
558.09	0.5	R	19	167427
564.1	0.5	target	30	169230
564.1	0.5	<	1	169230
564.4	0.5	nontarget	29	169320
564.4	0.5	Y	26	169320
564.7	0.5	nontarget	29	169410
564.7	0.5	T	21	169410
565.0033333333333	0.5	nontarget	29	169501
565.0033333333333	0.5	K	12	169501
565.3033333333333	0.5	nontarget	29	169591
565.3033333333333	0.5	X	25	169591
565.6033333333334	0.5	nontarget	29	169681
565.6033333333334	0.5	V	23	169681
565.9033333333333	0.5	nontarget	29	169771
565.9033333333333	0.5	Z	27	169771
566.2033333333334	0.5	nontarget	29	169861
566.2033333333334	0.5	O	16	169861
566.5033333333333	0.5	nontarget	29	169951
566.5033333333333	0.5	N	15	169951
566.8033333333333	0.5	nontarget	29	170041
566.8033333333333	0.5	L	13	170041
572.81	0.5	nontarget	29	171843
572.81	0.5	N	15	171843
573.11	0.5	nontarget	29	171933
573.11	0.5	T	21	171933
573.4133333333333	0.5	nontarget	29	172024
573.4133333333333	0.5	_	28	172024
573.7133333333334	0.5	nontarget	29	172114
573.7133333333334	0.5	S	20	172114
574.01	0.5	nontarget	29	172203
574.01	0.5	K	12	172203
574.3133333333334	0.5	nontarget	29	172294
574.3133333333334	0.5	H	9	172294
574.6133333333333	0.5	nontarget	29	172384
574.6133333333333	0.5	X	25	172384
574.9133333333333	0.5	target	30	172474
574.9133333333333	0.5	I	10	172474
575.2166666666667	0.5	nontarget	29	172565
575.2166666666667	0.5	G	8	172565
575.5166666666667	0.5	nontarget	29	172655
575.5166666666667	0.5	V	23	172655
581.5233333333333	0.5	nontarget	29	174457
581.5233333333333	0.5	O	16	174457
581.8233333333334	0.5	target	30	174547
581.8233333333334	0.5	Z	27	174547
582.1233333333333	0.5	nontarget	29	174637
582.1233333333333	0.5	E	6	174637
582.4233333333333	0.5	nontarget	29	174727
582.4233333333333	0.5	K	12	174727
582.7233333333334	0.5	nontarget	29	174817
582.7233333333334	0.5	_	28	174817
583.0233333333333	0.5	nontarget	29	174907
583.0233333333333	0.5	T	21	174907
583.3233333333334	0.5	nontarget	29	174997
583.3233333333334	0.5	A	2	174997
583.6233333333333	0.5	nontarget	29	175087
583.6233333333333	0.5	G	8	175087
583.9233333333333	0.5	nontarget	29	175177
583.9233333333333	0.5	R	19	175177
584.2266666666667	0.5	nontarget	29	175268
584.2266666666667	0.5	D	5	175268
590.23	0.5	nontarget	29	177069
590.23	0.5	_	28	177069
590.53	0.5	nontarget	29	177159
590.53	0.5	V	23	177159
590.83	0.5	nontarget	29	177249
590.83	0.5	T	21	177249
591.13	0.5	nontarget	29	177339
591.13	0.5	R	19	177339
591.43	0.5	nontarget	29	177429
591.43	0.5	I	10	177429
591.73	0.5	nontarget	29	177519
591.73	0.5	F	7	177519
592.06	0.5	nontarget	29	177618
592.06	0.5	<	1	177618
592.36	0.5	nontarget	29	177708
592.36	0.5	U	22	177708
592.66	0.5	nontarget	29	177798
592.66	0.5	P	17	177798
592.96	0.5	nontarget	29	177888
592.96	0.5	Q	18	177888
598.9633333333334	0.5	nontarget	29	179689
598.9633333333334	0.5	W	24	179689
599.2633333333333	0.5	nontarget	29	179779
599.2633333333333	0.5	F	7	179779
599.5666666666667	0.5	target	30	179870
599.5666666666667	0.5	J	11	179870
599.8666666666667	0.5	nontarget	29	179960
599.8666666666667	0.5	U	22	179960
600.17	0.5	nontarget	29	180051
600.17	0.5	L	13	180051
600.47	0.5	nontarget	29	180141
600.47	0.5	I	10	180141
600.77	0.5	nontarget	29	180231
600.77	0.5	C	4	180231
601.07	0.5	nontarget	29	180321
601.07	0.5	M	14	180321
601.3733333333333	0.5	nontarget	29	180412
601.3733333333333	0.5	X	25	180412
601.6733333333333	0.5	nontarget	29	180502
601.6733333333333	0.5	Q	18	180502
607.6866666666666	0.5	nontarget	29	182306
607.6866666666666	0.5	U	22	182306
607.9866666666667	0.5	nontarget	29	182396
607.9866666666667	0.5	V	23	182396
608.2866666666666	0.5	nontarget	29	182486
608.2866666666666	0.5	Z	27	182486
608.5866666666667	0.5	nontarget	29	182576
608.5866666666667	0.5	D	5	182576
608.8866666666667	0.5	target	30	182666
608.8866666666667	0.5	T	21	182666
609.1866666666666	0.5	nontarget	29	182756
609.1866666666666	0.5	F	7	182756
609.4866666666667	0.5	nontarget	29	182846
609.4866666666667	0.5	C	4	182846
609.7866666666666	0.5	nontarget	29	182936
609.7866666666666	0.5	Y	26	182936
610.0866666666667	0.5	nontarget	29	183026
610.0866666666667	0.5	J	11	183026
610.3866666666667	0.5	nontarget	29	183116
610.3866666666667	0.5	E	6	183116
616.3933333333333	0.5	nontarget	29	184918
616.3933333333333	0.5	B	3	184918
616.6933333333334	0.5	nontarget	29	185008
616.6933333333334	0.5	<	1	185008
616.9933333333333	0.5	nontarget	29	185098
616.9933333333333	0.5	D	5	185098
617.2966666666666	0.5	nontarget	29	185189
617.2966666666666	0.5	N	15	185189
617.5933333333334	0.5	nontarget	29	185278
617.5933333333334	0.5	Z	27	185278
617.8933333333333	0.5	nontarget	29	185368
617.8933333333333	0.5	V	23	185368
618.1933333333334	0.5	nontarget	29	185458
618.1933333333334	0.5	T	21	185458
618.4933333333333	0.5	nontarget	29	185548
618.4933333333333	0.5	E	6	185548
618.7933333333333	0.5	target	30	185638
618.7933333333333	0.5	_	28	185638
619.0933333333334	0.5	nontarget	29	185728
619.0933333333334	0.5	H	9	185728
625.1	0.5	nontarget	29	187530
625.1	0.5	V	23	187530
625.4	0.5	target	30	187620
625.4	0.5	F	7	187620
625.7	0.5	nontarget	29	187710
625.7	0.5	J	11	187710
626.0	0.5	nontarget	29	187800
626.0	0.5	W	24	187800
626.3	0.5	nontarget	29	187890
626.3	0.5	I	10	187890
626.6	0.5	nontarget	29	187980
626.6	0.5	Z	27	187980
626.9	0.5	nontarget	29	188070
626.9	0.5	H	9	188070
627.2	0.5	nontarget	29	188160
627.2	0.5	C	4	188160
627.5	0.5	nontarget	29	188250
627.5	0.5	P	17	188250
627.8	0.5	nontarget	29	188340
627.8	0.5	E	6	188340
633.8066666666666	0.5	nontarget	29	190142
633.8066666666666	0.5	I	10	190142
634.1066666666667	0.5	nontarget	29	190232
634.1066666666667	0.5	N	15	190232
634.4066666666666	0.5	nontarget	29	190322
634.4066666666666	0.5	G	8	190322
634.71	0.5	nontarget	29	190413
634.71	0.5	<	1	190413
635.0066666666667	0.5	nontarget	29	190502
635.0066666666667	0.5	L	13	190502
635.31	0.5	nontarget	29	190593
635.31	0.5	J	11	190593
635.61	0.5	nontarget	29	190683
635.61	0.5	A	2	190683
635.9133333333333	0.5	target	30	190774
635.9133333333333	0.5	M	14	190774
636.2133333333334	0.5	nontarget	29	190864
636.2133333333334	0.5	O	16	190864
636.5166666666667	0.5	nontarget	29	190955
636.5166666666667	0.5	F	7	190955
642.52	0.5	nontarget	29	192756
642.52	0.5	A	2	192756
642.82	0.5	nontarget	29	192846
642.82	0.5	J	11	192846
643.12	0.5	nontarget	29	192936
643.12	0.5	M	14	192936
643.42	0.5	nontarget	29	193026
643.42	0.5	P	17	193026
643.72	0.5	nontarget	29	193116
643.72	0.5	N	15	193116
644.02	0.5	nontarget	29	193206
644.02	0.5	B	3	193206
644.32	0.5	nontarget	29	193296
644.32	0.5	X	25	193296
644.6233333333333	0.5	nontarget	29	193387
644.6233333333333	0.5	R	19	193387
644.9233333333333	0.5	target	30	193477
644.9233333333333	0.5	<	1	193477
645.2233333333334	0.5	nontarget	29	193567
645.2233333333334	0.5	Y	26	193567
651.23	0.5	nontarget	29	195369
651.23	0.5	H	9	195369
651.53	0.5	nontarget	29	195459
651.53	0.5	N	15	195459
651.83	0.5	target	30	195549
651.83	0.5	W	24	195549
652.13	0.5	nontarget	29	195639
652.13	0.5	U	22	195639
652.4333333333333	0.5	nontarget	29	195730
652.4333333333333	0.5	C	4	195730
652.7333333333333	0.5	nontarget	29	195820
652.7333333333333	0.5	D	5	195820
653.0333333333333	0.5	nontarget	29	195910
653.0333333333333	0.5	F	7	195910
653.3366666666667	0.5	nontarget	29	196001
653.3366666666667	0.5	B	3	196001
653.6366666666667	0.5	nontarget	29	196091
653.6366666666667	0.5	K	12	196091
653.9366666666666	0.5	nontarget	29	196181
653.9366666666666	0.5	V	23	196181
659.9466666666667	0.5	nontarget	29	197984
659.9466666666667	0.5	_	28	197984
660.2466666666667	0.5	nontarget	29	198074
660.2466666666667	0.5	R	19	198074
660.55	0.5	target	30	198165
660.55	0.5	G	8	198165
660.85	0.5	nontarget	29	198255
660.85	0.5	T	21	198255
661.1533333333333	0.5	nontarget	29	198346
661.1533333333333	0.5	S	20	198346
661.4533333333334	0.5	nontarget	29	198436
661.4533333333334	0.5	I	10	198436
661.7866666666666	0.5	nontarget	29	198536
661.7866666666666	0.5	A	2	198536
662.0866666666667	0.5	nontarget	29	198626
662.0866666666667	0.5	Z	27	198626
662.39	0.5	nontarget	29	198717
662.39	0.5	M	14	198717
662.6866666666666	0.5	nontarget	29	198806
662.6866666666666	0.5	V	23	198806
668.6966666666667	0.5	nontarget	29	200609
668.6966666666667	0.5	C	4	200609
668.9966666666667	0.5	nontarget	29	200699
668.9966666666667	0.5	R	19	200699
669.2966666666666	0.5	nontarget	29	200789
669.2966666666666	0.5	J	11	200789
669.5966666666667	0.5	nontarget	29	200879
669.5966666666667	0.5	E	6	200879
669.8966666666666	0.5	target	30	200969
669.8966666666666	0.5	F	7	200969
670.1966666666667	0.5	nontarget	29	201059
670.1966666666667	0.5	H	9	201059
670.4966666666667	0.5	nontarget	29	201149
670.4966666666667	0.5	Q	18	201149
670.7966666666666	0.5	nontarget	29	201239
670.7966666666666	0.5	G	8	201239
671.0966666666667	0.5	nontarget	29	201329
671.0966666666667	0.5	M	14	201329
671.3966666666666	0.5	nontarget	29	201419
671.3966666666666	0.5	X	25	201419
677.4033333333333	0.5	nontarget	29	203221
677.4033333333333	0.5	G	8	203221
677.7	0.5	nontarget	29	203310
677.7	0.5	X	25	203310
678.0	0.5	nontarget	29	203400
678.0	0.5	N	15	203400
678.3	0.5	nontarget	29	203490
678.3	0.5	Z	27	203490
678.6033333333334	0.5	nontarget	29	203581
678.6033333333334	0.5	T	21	203581
678.9033333333333	0.5	nontarget	29	203671
678.9033333333333	0.5	C	4	203671
679.2033333333334	0.5	nontarget	29	203761
679.2033333333334	0.5	J	11	203761
679.5033333333333	0.5	nontarget	29	203851
679.5033333333333	0.5	L	13	203851
679.8033333333333	0.5	nontarget	29	203941
679.8033333333333	0.5	F	7	203941
680.1033333333334	0.5	target	30	204031
680.1033333333334	0.5	B	3	204031
686.11	0.5	nontarget	29	205833
686.11	0.5	<	1	205833
686.4133333333333	0.5	nontarget	29	205924
686.4133333333333	0.5	L	13	205924
686.71	0.5	nontarget	29	206013
686.71	0.5	N	15	206013
687.01	0.5	nontarget	29	206103
687.01	0.5	H	9	206103
687.31	0.5	nontarget	29	206193
687.31	0.5	F	7	206193
687.61	0.5	nontarget	29	206283
687.61	0.5	P	17	206283
687.9133333333333	0.5	nontarget	29	206374
687.9133333333333	0.5	I	10	206374
688.2133333333334	0.5	nontarget	29	206464
688.2133333333334	0.5	Q	18	206464
688.5133333333333	0.5	nontarget	29	206554
688.5133333333333	0.5	J	11	206554
688.81	0.5	nontarget	29	206643
688.81	0.5	K	12	206643
694.8166666666667	0.5	nontarget	29	208445
694.8166666666667	0.5	O	16	208445
695.1933333333334	0.5	nontarget	29	208558
695.1933333333334	0.5	V	23	208558
695.49	0.5	nontarget	29	208647
695.49	0.5	M	14	208647
695.79	0.5	target	30	208737
695.79	0.5	Z	27	208737
696.09	0.5	nontarget	29	208827
696.09	0.5	_	28	208827
696.39	0.5	nontarget	29	208917
696.39	0.5	G	8	208917
696.69	0.5	nontarget	29	209007
696.69	0.5	H	9	209007
696.99	0.5	nontarget	29	209097
696.99	0.5	Q	18	209097
697.29	0.5	nontarget	29	209187
697.29	0.5	C	4	209187
697.59	0.5	nontarget	29	209277
697.59	0.5	J	11	209277
703.6	0.5	nontarget	29	211080
703.6	0.5	P	17	211080
703.9	0.5	nontarget	29	211170
703.9	0.5	I	10	211170
704.2033333333334	0.5	nontarget	29	211261
704.2033333333334	0.5	R	19	211261
704.5033333333333	0.5	nontarget	29	211351
704.5033333333333	0.5	Y	26	211351
704.8033333333333	0.5	target	30	211441
704.8033333333333	0.5	Q	18	211441
705.1	0.5	nontarget	29	211530
705.1	0.5	F	7	211530
705.4033333333333	0.5	nontarget	29	211621
705.4033333333333	0.5	K	12	211621
705.7033333333334	0.5	nontarget	29	211711
705.7033333333334	0.5	J	11	211711
706.0066666666667	0.5	nontarget	29	211802
706.0066666666667	0.5	W	24	211802
706.3066666666666	0.5	nontarget	29	211892
706.3066666666666	0.5	O	16	211892
712.3133333333334	0.5	nontarget	29	213694
712.3133333333334	0.5	T	21	213694
712.6133333333333	0.5	nontarget	29	213784
712.6133333333333	0.5	Z	27	213784
712.9133333333333	0.5	nontarget	29	213874
712.9133333333333	0.5	P	17	213874
713.2166666666667	0.5	nontarget	29	213965
713.2166666666667	0.5	A	2	213965
713.5166666666667	0.5	target	30	214055
713.5166666666667	0.5	Q	18	214055
713.8166666666667	0.5	nontarget	29	214145
713.8166666666667	0.5	C	4	214145
714.12	0.5	nontarget	29	214236
714.12	0.5	D	5	214236
714.42	0.5	nontarget	29	214326
714.42	0.5	S	20	214326
714.72	0.5	nontarget	29	214416
714.72	0.5	X	25	214416
715.02	0.5	nontarget	29	214506
715.02	0.5	G	8	214506
721.03	0.5	nontarget	29	216309
721.03	0.5	D	5	216309
721.33	0.5	nontarget	29	216399
721.33	0.5	K	12	216399
721.6266666666667	0.5	nontarget	29	216488
721.6266666666667	0.5	X	25	216488
721.9266666666666	0.5	nontarget	29	216578
721.9266666666666	0.5	P	17	216578
722.2266666666667	0.5	nontarget	29	216668
722.2266666666667	0.5	Z	27	216668
722.53	0.5	nontarget	29	216759
722.53	0.5	_	28	216759
722.83	0.5	nontarget	29	216849
722.83	0.5	S	20	216849
723.13	0.5	nontarget	29	216939
723.13	0.5	J	11	216939
723.43	0.5	nontarget	29	217029
723.43	0.5	W	24	217029
723.73	0.5	nontarget	29	217119
723.73	0.5	F	7	217119
729.7366666666667	0.5	nontarget	29	218921
729.7366666666667	0.5	N	15	218921
730.04	0.5	target	30	219012
730.04	0.5	M	14	219012
730.34	0.5	nontarget	29	219102
730.34	0.5	V	23	219102
730.64	0.5	nontarget	29	219192
730.64	0.5	H	9	219192
730.94	0.5	nontarget	29	219282
730.94	0.5	I	10	219282
731.24	0.5	nontarget	29	219372
731.24	0.5	J	11	219372
731.54	0.5	nontarget	29	219462
731.54	0.5	L	13	219462
731.84	0.5	nontarget	29	219552
731.84	0.5	O	16	219552
732.14	0.5	nontarget	29	219642
732.14	0.5	F	7	219642
732.44	0.5	nontarget	29	219732
732.44	0.5	R	19	219732
738.45	0.5	nontarget	29	221535
738.45	0.5	K	12	221535
738.75	0.5	nontarget	29	221625
738.75	0.5	X	25	221625
739.05	0.5	nontarget	29	221715
739.05	0.5	U	22	221715
739.3533333333334	0.5	nontarget	29	221806
739.3533333333334	0.5	W	24	221806
739.6533333333333	0.5	nontarget	29	221896
739.6533333333333	0.5	R	19	221896
739.9533333333334	0.5	target	30	221986
739.9533333333334	0.5	S	20	221986
740.26	0.5	nontarget	29	222078
740.26	0.5	B	3	222078
740.5633333333334	0.5	nontarget	29	222169
740.5633333333334	0.5	I	10	222169
740.86	0.5	nontarget	29	222258
740.86	0.5	H	9	222258
741.1633333333333	0.5	nontarget	29	222349
741.1633333333333	0.5	Y	26	222349
747.1666666666666	0.5	nontarget	29	224150
747.1666666666666	0.5	O	16	224150
747.4666666666667	0.5	nontarget	29	224240
747.4666666666667	0.5	W	24	224240
747.7633333333333	0.5	nontarget	29	224329
747.7633333333333	0.5	P	17	224329
748.0633333333334	0.5	nontarget	29	224419
748.0633333333334	0.5	T	21	224419
748.3633333333333	0.5	target	30	224509
748.3633333333333	0.5	X	25	224509
748.6633333333333	0.5	nontarget	29	224599
748.6633333333333	0.5	M	14	224599
748.9633333333334	0.5	nontarget	29	224689
748.9633333333334	0.5	H	9	224689
749.2633333333333	0.5	nontarget	29	224779
749.2633333333333	0.5	G	8	224779
749.5633333333334	0.5	nontarget	29	224869
749.5633333333334	0.5	A	2	224869
749.8633333333333	0.5	nontarget	29	224959
749.8633333333333	0.5	Z	27	224959
755.8733333333333	0.5	nontarget	29	226762
755.8733333333333	0.5	L	13	226762
756.1733333333333	0.5	nontarget	29	226852
756.1733333333333	0.5	I	10	226852
756.4733333333334	0.5	nontarget	29	226942
756.4733333333334	0.5	Q	18	226942
756.7733333333333	0.5	nontarget	29	227032
756.7733333333333	0.5	<	1	227032
757.0733333333334	0.5	nontarget	29	227122
757.0733333333334	0.5	V	23	227122
757.37	0.5	nontarget	29	227211
757.37	0.5	D	5	227211
757.67	0.5	nontarget	29	227301
757.67	0.5	F	7	227301
757.97	0.5	nontarget	29	227391
757.97	0.5	G	8	227391
758.2666666666667	0.5	nontarget	29	227480
758.2666666666667	0.5	J	11	227480
758.5666666666667	0.5	target	30	227570
758.5666666666667	0.5	R	19	227570
764.5733333333334	0.5	nontarget	29	229372
764.5733333333334	0.5	K	12	229372
764.8733333333333	0.5	nontarget	29	229462
764.8733333333333	0.5	D	5	229462
765.1766666666666	0.5	nontarget	29	229553
765.1766666666666	0.5	Z	27	229553
765.4733333333334	0.5	nontarget	29	229642
765.4733333333334	0.5	I	10	229642
765.7766666666666	0.5	nontarget	29	229733
765.7766666666666	0.5	Y	26	229733
766.0733333333334	0.5	nontarget	29	229822
766.0733333333334	0.5	W	24	229822
766.3766666666667	0.5	nontarget	29	229913
766.3766666666667	0.5	E	6	229913
766.6766666666666	0.5	target	30	230003
766.6766666666666	0.5	G	8	230003
766.9766666666667	0.5	nontarget	29	230093
766.9766666666667	0.5	<	1	230093
767.2766666666666	0.5	nontarget	29	230183
767.2766666666666	0.5	P	17	230183
773.2833333333333	0.5	nontarget	29	231985
773.2833333333333	0.5	D	5	231985
773.5833333333334	0.5	nontarget	29	232075
773.5833333333334	0.5	J	11	232075
773.8833333333333	0.5	nontarget	29	232165
773.8833333333333	0.5	Q	18	232165
774.1833333333333	0.5	nontarget	29	232255
774.1833333333333	0.5	O	16	232255
774.4866666666667	0.5	nontarget	29	232346
774.4866666666667	0.5	V	23	232346
774.7866666666666	0.5	nontarget	29	232436
774.7866666666666	0.5	Y	26	232436
775.0866666666667	0.5	nontarget	29	232526
775.0866666666667	0.5	C	4	232526
775.3866666666667	0.5	nontarget	29	232616
775.3866666666667	0.5	H	9	232616
775.6866666666666	0.5	target	30	232706
775.6866666666666	0.5	P	17	232706
775.9866666666667	0.5	nontarget	29	232796
775.9866666666667	0.5	B	3	232796
781.9966666666667	0.5	target	30	234599
781.9966666666667	0.5	L	13	234599
782.2966666666666	0.5	nontarget	29	234689
782.2966666666666	0.5	E	6	234689
782.5966666666667	0.5	nontarget	29	234779
782.5966666666667	0.5	W	24	234779
782.8966666666666	0.5	nontarget	29	234869
782.8966666666666	0.5	C	4	234869
783.2	0.5	nontarget	29	234960
783.2	0.5	B	3	234960
783.5	0.5	nontarget	29	235050
783.5	0.5	D	5	235050
783.8	0.5	nontarget	29	235140
783.8	0.5	M	14	235140
784.1	0.5	nontarget	29	235230
784.1	0.5	N	15	235230
784.4	0.5	nontarget	29	235320
784.4	0.5	G	8	235320
784.7	0.5	nontarget	29	235410
784.7	0.5	O	16	235410
790.71	0.5	nontarget	29	237213
790.71	0.5	H	9	237213
791.01	0.5	target	30	237303
791.01	0.5	Z	27	237303
791.31	0.5	nontarget	29	237393
791.31	0.5	B	3	237393
791.61	0.5	nontarget	29	237483
791.61	0.5	A	2	237483
791.91	0.5	nontarget	29	237573
791.91	0.5	Q	18	237573
792.21	0.5	nontarget	29	237663
792.21	0.5	_	28	237663
792.51	0.5	nontarget	29	237753
792.51	0.5	J	11	237753
792.84	0.5	nontarget	29	237852
792.84	0.5	V	23	237852
793.1433333333333	0.5	nontarget	29	237943
793.1433333333333	0.5	D	5	237943
793.4433333333334	0.5	nontarget	29	238033
793.4433333333334	0.5	C	4	238033
799.45	0.5	nontarget	29	239835
799.45	0.5	B	3	239835
799.7533333333333	0.5	nontarget	29	239926
799.7533333333333	0.5	Q	18	239926
800.05	0.5	nontarget	29	240015
800.05	0.5	E	6	240015
800.3533333333334	0.5	nontarget	29	240106
800.3533333333334	0.5	V	23	240106
800.6533333333333	0.5	nontarget	29	240196
800.6533333333333	0.5	R	19	240196
800.9566666666667	0.5	target	30	240287
800.9566666666667	0.5	O	16	240287
801.2566666666667	0.5	nontarget	29	240377
801.2566666666667	0.5	U	22	240377
801.56	0.5	nontarget	29	240468
801.56	0.5	P	17	240468
801.86	0.5	nontarget	29	240558
801.86	0.5	C	4	240558
802.1633333333333	0.5	nontarget	29	240649
802.1633333333333	0.5	H	9	240649
808.17	0.5	target	30	242451
808.17	0.5	X	25	242451
808.47	0.5	nontarget	29	242541
808.47	0.5	M	14	242541
808.77	0.5	nontarget	29	242631
808.77	0.5	H	9	242631
809.07	0.5	nontarget	29	242721
809.07	0.5	Q	18	242721
809.37	0.5	nontarget	29	242811
809.37	0.5	A	2	242811
809.6733333333333	0.5	nontarget	29	242902
809.6733333333333	0.5	P	17	242902
809.9733333333334	0.5	nontarget	29	242992
809.9733333333334	0.5	F	7	242992
810.2733333333333	0.5	nontarget	29	243082
810.2733333333333	0.5	B	3	243082
810.5733333333334	0.5	nontarget	29	243172
810.5733333333334	0.5	E	6	243172
810.8766666666667	0.5	nontarget	29	243263
810.8766666666667	0.5	C	4	243263
816.8833333333333	0.5	nontarget	29	245065
816.8833333333333	0.5	V	23	245065
817.18	0.5	nontarget	29	245154
817.18	0.5	T	21	245154
817.4833333333333	0.5	nontarget	29	245245
817.4833333333333	0.5	Z	27	245245
817.78	0.5	nontarget	29	245334
817.78	0.5	H	9	245334
818.08	0.5	nontarget	29	245424
818.08	0.5	W	24	245424
818.38	0.5	nontarget	29	245514
818.38	0.5	_	28	245514
818.68	0.5	target	30	245604
818.68	0.5	D	5	245604
818.98	0.5	nontarget	29	245694
818.98	0.5	<	1	245694
819.2766666666666	0.5	nontarget	29	245783
819.2766666666666	0.5	L	13	245783
819.5766666666667	0.5	nontarget	29	245873
819.5766666666667	0.5	J	11	245873
825.5833333333334	0.5	target	30	247675
825.5833333333334	0.5	M	14	247675
825.8866666666667	0.5	nontarget	29	247766
825.8866666666667	0.5	U	22	247766
826.1833333333333	0.5	nontarget	29	247855
826.1833333333333	0.5	C	4	247855
826.4866666666667	0.5	nontarget	29	247946
826.4866666666667	0.5	<	1	247946
826.7833333333333	0.5	nontarget	29	248035
826.7833333333333	0.5	K	12	248035
827.0866666666667	0.5	nontarget	29	248126
827.0866666666667	0.5	T	21	248126
827.3866666666667	0.5	nontarget	29	248216
827.3866666666667	0.5	P	17	248216
827.6866666666666	0.5	nontarget	29	248306
827.6866666666666	0.5	V	23	248306
827.9866666666667	0.5	nontarget	29	248396
827.9866666666667	0.5	X	25	248396
828.2866666666666	0.5	nontarget	29	248486
828.2866666666666	0.5	Q	18	248486
834.2966666666666	0.5	nontarget	29	250289
834.2966666666666	0.5	Y	26	250289
834.5966666666667	0.5	nontarget	29	250379
834.5966666666667	0.5	U	22	250379
834.8966666666666	0.5	nontarget	29	250469
834.8966666666666	0.5	_	28	250469
835.2	0.5	nontarget	29	250560
835.2	0.5	T	21	250560
835.5	0.5	nontarget	29	250650
835.5	0.5	X	25	250650
835.8	0.5	nontarget	29	250740
835.8	0.5	L	13	250740
836.1	0.5	target	30	250830
836.1	0.5	I	10	250830
836.4033333333333	0.5	nontarget	29	250921
836.4033333333333	0.5	N	15	250921
836.7066666666667	0.5	nontarget	29	251012
836.7066666666667	0.5	F	7	251012
837.0033333333333	0.5	nontarget	29	251101
837.0033333333333	0.5	S	20	251101
843.0133333333333	0.5	nontarget	29	252904
843.0133333333333	0.5	L	13	252904
843.3133333333334	0.5	nontarget	29	252994
843.3133333333334	0.5	P	17	252994
843.6166666666667	0.5	nontarget	29	253085
843.6166666666667	0.5	Z	27	253085
843.9133333333333	0.5	nontarget	29	253174
843.9133333333333	0.5	V	23	253174
844.22	0.5	nontarget	29	253266
844.22	0.5	E	6	253266
844.5166666666667	0.5	nontarget	29	253355
844.5166666666667	0.5	J	11	253355
844.82	0.5	nontarget	29	253446
844.82	0.5	R	19	253446
845.1166666666667	0.5	nontarget	29	253535
845.1166666666667	0.5	U	22	253535
845.42	0.5	nontarget	29	253626
845.42	0.5	X	25	253626
845.72	0.5	target	30	253716
845.72	0.5	T	21	253716
851.73	0.5	nontarget	29	255519
851.73	0.5	E	6	255519
852.0333333333333	0.5	nontarget	29	255610
852.0333333333333	0.5	G	8	255610
852.3333333333334	0.5	nontarget	29	255700
852.3333333333334	0.5	P	17	255700
852.6333333333333	0.5	target	30	255790
852.6333333333333	0.5	Z	27	255790
852.9333333333333	0.5	nontarget	29	255880
852.9333333333333	0.5	C	4	255880
853.2333333333333	0.5	nontarget	29	255970
853.2333333333333	0.5	V	23	255970
853.5333333333333	0.5	nontarget	29	256060
853.5333333333333	0.5	S	20	256060
853.8333333333334	0.5	nontarget	29	256150
853.8333333333334	0.5	_	28	256150
854.1333333333333	0.5	nontarget	29	256240
854.1333333333333	0.5	K	12	256240
854.4333333333333	0.5	nontarget	29	256330
854.4333333333333	0.5	D	5	256330
860.4433333333334	0.5	nontarget	29	258133
860.4433333333334	0.5	Y	26	258133
860.7433333333333	0.5	nontarget	29	258223
860.7433333333333	0.5	G	8	258223
861.0433333333333	0.5	target	30	258313
861.0433333333333	0.5	E	6	258313
861.3466666666667	0.5	nontarget	29	258404
861.3466666666667	0.5	X	25	258404
861.6466666666666	0.5	nontarget	29	258494
861.6466666666666	0.5	M	14	258494
861.9433333333334	0.5	nontarget	29	258583
861.9433333333334	0.5	_	28	258583
862.2433333333333	0.5	nontarget	29	258673
862.2433333333333	0.5	L	13	258673
862.5433333333333	0.5	nontarget	29	258763
862.5433333333333	0.5	I	10	258763
862.8433333333334	0.5	nontarget	29	258853
862.8433333333334	0.5	W	24	258853
863.1433333333333	0.5	nontarget	29	258943
863.1433333333333	0.5	V	23	258943
869.1533333333333	0.5	nontarget	29	260746
869.1533333333333	0.5	F	7	260746
869.4533333333334	0.5	nontarget	29	260836
869.4533333333334	0.5	Z	27	260836
869.7533333333333	0.5	nontarget	29	260926
869.7533333333333	0.5	M	14	260926
870.0533333333333	0.5	nontarget	29	261016
870.0533333333333	0.5	H	9	261016
870.3533333333334	0.5	nontarget	29	261106
870.3533333333334	0.5	W	24	261106
870.6566666666666	0.5	nontarget	29	261197
870.6566666666666	0.5	X	25	261197
870.9566666666667	0.5	nontarget	29	261287
870.9566666666667	0.5	_	28	261287
871.26	0.5	nontarget	29	261378
871.26	0.5	V	23	261378
871.56	0.5	target	30	261468
871.56	0.5	D	5	261468
871.86	0.5	nontarget	29	261558
871.86	0.5	R	19	261558
877.87	0.5	nontarget	29	263361
877.87	0.5	B	3	263361
878.17	0.5	nontarget	29	263451
878.17	0.5	X	25	263451
878.47	0.5	nontarget	29	263541
878.47	0.5	W	24	263541
878.77	0.5	nontarget	29	263631
878.77	0.5	L	13	263631
879.0733333333334	0.5	nontarget	29	263722
879.0733333333334	0.5	<	1	263722
879.3733333333333	0.5	nontarget	29	263812
879.3733333333333	0.5	C	4	263812
879.6733333333333	0.5	nontarget	29	263902
879.6733333333333	0.5	E	6	263902
879.9733333333334	0.5	nontarget	29	263992
879.9733333333334	0.5	D	5	263992
880.2733333333333	0.5	nontarget	29	264082
880.2733333333333	0.5	_	28	264082
880.5766666666667	0.5	nontarget	29	264173
880.5766666666667	0.5	P	17	264173
886.6566666666666	0.5	nontarget	29	265997
886.6566666666666	0.5	N	15	265997
886.9566666666667	0.5	nontarget	29	266087
886.9566666666667	0.5	C	4	266087
887.2566666666667	0.5	nontarget	29	266177
887.2566666666667	0.5	S	20	266177
887.5566666666666	0.5	nontarget	29	266267
887.5566666666666	0.5	_	28	266267
887.86	0.5	target	30	266358
887.86	0.5	X	25	266358
888.16	0.5	nontarget	29	266448
888.16	0.5	Y	26	266448
888.46	0.5	nontarget	29	266538
888.46	0.5	R	19	266538
888.76	0.5	nontarget	29	266628
888.76	0.5	H	9	266628
889.0633333333334	0.5	nontarget	29	266719
889.0633333333334	0.5	V	23	266719
889.3633333333333	0.5	nontarget	29	266809
889.3633333333333	0.5	Z	27	266809
895.37	0.5	nontarget	29	268611
895.37	0.5	K	12	268611
895.67	0.5	nontarget	29	268701
895.67	0.5	W	24	268701
895.97	0.5	nontarget	29	268791
895.97	0.5	<	1	268791
896.27	0.5	nontarget	29	268881
896.27	0.5	F	7	268881
896.5733333333334	0.5	nontarget	29	268972
896.5733333333334	0.5	R	19	268972
896.8733333333333	0.5	nontarget	29	269062
896.8733333333333	0.5	C	4	269062
897.1766666666666	0.5	nontarget	29	269153
897.1766666666666	0.5	Z	27	269153
897.48	0.5	nontarget	29	269244
897.48	0.5	J	11	269244
897.78	0.5	target	30	269334
897.78	0.5	Q	18	269334
898.0833333333334	0.5	nontarget	29	269425
898.0833333333334	0.5	X	25	269425
904.09	0.5	nontarget	29	271227
904.09	0.5	Z	27	271227
904.3933333333333	0.5	nontarget	29	271318
904.3933333333333	0.5	M	14	271318
904.69	0.5	nontarget	29	271407
904.69	0.5	R	19	271407
904.99	0.5	nontarget	29	271497
904.99	0.5	X	25	271497
905.2933333333333	0.5	nontarget	29	271588
905.2933333333333	0.5	D	5	271588
905.59	0.5	nontarget	29	271677
905.59	0.5	U	22	271677
905.8933333333333	0.5	nontarget	29	271768
905.8933333333333	0.5	K	12	271768
906.1933333333334	0.5	nontarget	29	271858
906.1933333333334	0.5	A	2	271858
906.4933333333333	0.5	nontarget	29	271948
906.4933333333333	0.5	V	23	271948
906.7933333333333	0.5	nontarget	29	272038
906.7933333333333	0.5	Y	26	272038
912.8066666666666	0.5	nontarget	29	273842
912.8066666666666	0.5	Z	27	273842
913.11	0.5	nontarget	29	273933
913.11	0.5	V	23	273933
913.41	0.5	nontarget	29	274023
913.41	0.5	W	24	274023
913.71	0.5	nontarget	29	274113
913.71	0.5	U	22	274113
914.01	0.5	nontarget	29	274203
914.01	0.5	R	19	274203
914.3133333333334	0.5	nontarget	29	274294
914.3133333333334	0.5	J	11	274294
914.6133333333333	0.5	target	30	274384
914.6133333333333	0.5	M	14	274384
914.9133333333333	0.5	nontarget	29	274474
914.9133333333333	0.5	K	12	274474
915.2133333333334	0.5	nontarget	29	274564
915.2133333333334	0.5	G	8	274564
915.5166666666667	0.5	nontarget	29	274655
915.5166666666667	0.5	H	9	274655
